Date;AUD 1M LIBOR;CAD 1M LIBOR;Mark/EUR 1M LIBOR;JPY 1M LIBOR;NZD 1M LIBOR;NOK 1M LIBOR;SWK 1M LIBOR;SWF 1M LIBOR;GBP 1M LIBOR;US 1M LIBOR;;
1986-01;18,43;10,75;4,65;6,44;19,20;13,36;12,09;4,13;12,81;8,06;;
1986-02;17,38;12,80;4,25;6,63;22,20;13,28;11,09;3,81;12,69;7,94;;
1986-03;16,73;11,25;4,88;5,63;22,30;13,35;10,75;4,06;11,94;7,50;;
1986-04;16,73;8,90;4,65;5,00;21,00;14,02;10,25;4,19;10,88;6,94;;
1986-05;14,83;8,50;4,60;4,88;16,20;14,57;10,15;4,81;10,13;7,13;;
1986-06;15,65;8,50;4,50;4,75;16,00;14,24;9,83;5,19;10,13;7,03;;
1986-07;15,40;8,45;4,63;4,88;16,40;14,87;9,50;4,69;10,05;6,56;;
1986-08;18,55;8,20;4,50;5,19;16,50;14,33;9,29;4,19;10,13;5,94;;
1986-09;17,83;8,15;4,50;5,02;15,55;14,42;8,74;4,06;10,63;6,13;;
1986-10;16,25;8,35;4,65;4,38;17,00;14,71;8,51;3,00;11,00;5,94;;
1986-11;16,00;8,30;4,55;4,75;19,85;15,02;8,64;3,94;11,16;6,38;;
1986-12;14,90;8,25;5,15;4,61;24,40;16,29;9,13;3,94;11,25;6,75;;
1987-01;17,05;7,75;4,13;4,44;24,40;15,13;11,40;3,44;11,13;6,20;;
1987-02;16,58;7,25;4,06;4,63;25,35;14,94;11,75;4,19;11,19;6,47;;
1987-03;16,38;6,95;4,00;4,14;28,30;14,34;10,65;3,44;10,06;6,58;;
1987-04;14,58;7,70;3,94;4,06;28,30;14,74;9,25;3,25;9,56;6,81;;
1987-05;13,73;8,15;3,86;4,06;20,40;14,68;9,40;4,25;9,00;7,25;;
1987-06;13,25;8,35;3,78;3,94;19,35;14,41;8,55;3,75;9,19;7,06;;
1987-07;12,58;9,05;3,88;3,63;18,55;14,45;8,85;3,56;8,88;6,75;;
1987-08;12,10;8,95;4,00;4,06;18,01;14,07;9,08;3,81;9,88;7,13;;
1987-09;11,28;9,25;4,63;4,39;18,62;13,77;9,15;3,63;10,13;7,75;;
1987-10;12,93;8,10;3,63;4,20;20,76;15,16;9,41;2,81;9,25;7,13;;
1987-11;11,88;8,55;3,94;4,75;17,03;15,86;9,41;4,25;9,00;8,19;;
1987-12;11,03;8,70;3,38;4,31;17,54;15,07;9,01;2,63;7,13;7,13;;
1988-01;10,65;8,65;3,25;4,19;16,85;13,99;9,39;1,13;8,56;6,81;;
1988-02;10,70;8,50;3,44;4,50;17,28;13,81;9,56;1,50;9,00;6,81;;
1988-03;11,33;8,55;3,38;4,13;16,56;13,95;9,64;1,56;8,56;6,80;;
1988-04;11,48;8,75;3,44;3,88;18,51;14,06;10,83;2,13;8,19;7,13;;
1988-05;12,75;8,90;3,44;4,19;16,09;13,18;10,24;2,81;7,42;7,63;;
1988-06;13,15;9,15;4,38;4,25;15,80;12,75;10,60;3,38;9,42;7,81;;
1988-07;12,98;9,30;5,13;4,50;15,59;12,93;10,55;3,44;10,52;8,13;;
1988-08;13,43;9,85;5,00;5,13;14,68;13,04;10,45;3,44;12,13;8,38;;
1988-09;13,68;10,30;4,94;4,80;14,51;12,52;10,46;3,12;11,94;8,31;;
1988-10;13,88;10,30;4,83;4,38;14,24;12,32;10,71;3,56;12,00;8,38;;
1988-11;14,90;10,60;5,22;4,63;14,64;12,25;10,84;5,19;13,03;9,56;;
1988-12;14,75;10,70;5,34;4,56;13,98;12,22;10,68;4,69;13,03;9,19;;
1989-01;15,30;11,00;5,88;4,31;12,93;11,27;10,70;5,69;13,13;9,25;;
1989-02;16,38;11,30;6,88;4,78;13,90;11,86;11,53;6,00;13,25;10,06;;
1989-03;16,98;11,90;6,13;4,44;13,41;11,32;11,55;5,69;12,94;10,06;;
1989-04;16,86;12,45;6,31;4,56;13,88;11,15;11,65;6,63;12,75;9,88;;
1989-05;17,94;12,52;7,00;5,19;13,43;10,99;11,70;8,31;13,75;9,69;;
1989-06;17,88;12,30;7,00;5,38;13,46;10,57;11,90;7,56;14,00;9,44;;
1989-07;18,00;12,35;6,94;5,25;13,33;11,51;12,04;7,13;13,94;8,69;;
1989-08;17,63;12,33;7,13;5,63;13,55;11,09;11,95;7,50;14,00;9,00;;
1989-09;17,94;12,28;7,69;5,59;13,93;11,35;12,00;7,75;14,78;9,13;;
1989-10;17,89;12,32;8,13;6,31;13,75;11,43;12,05;7,88;15,25;8,75;;
1989-11;17,86;12,34;8,19;6,75;14,26;12,30;12,15;7,81;15,19;8,81;;
1989-12;17,38;12,40;8,36;6,69;13,87;12,24;12,54;9,38;15,13;8,50;;
1990-01;16,75;12,75;8,00;6,75;13,87;11,68;12,76;9,63;15,06;8,31;;
1990-02;15,97;13,53;8,16;7,25;13,82;11,43;15,19;9,19;15,06;8,38;;
1990-03;15,25;13,45;7,88;7,31;13,60;12,24;14,65;8,94;15,00;8,38;;
1990-04;14,75;13,43;8,06;7,31;13,61;12,20;13,46;9,38;15,13;8,50;;
1990-05;14,64;13,73;8,00;7,31;13,86;11,29;12,64;8,81;15,13;8,31;;
1990-06;14,88;13,38;8,13;7,56;13,80;11,12;12,34;9,06;15,00;8,31;;
1990-07;14,84;13,13;8,19;7,63;13,81;11,23;12,40;8,97;15,06;8,00;;
1990-08;13,86;12,63;8,27;8,25;14,64;10,42;12,75;8,38;15,00;8,06;;
1990-09;13,63;12,22;8,38;8,25;14,43;11,33;12,79;7,94;15,00;8,27;;
1990-10;12,81;12,19;8,38;8,00;14,28;11,04;16,45;8,13;14,00;7,94;;
1990-11;12,38;12,05;9,31;8,56;13,31;11,56;15,94;8,98;14,06;8,63;;
1990-12;11,83;11,22;9,06;8,19;12,07;11,41;14,50;8,75;14,38;7,63;;
1991-01;11,88;11,00;8,94;8,11;12,12;11,18;13,46;8,13;14,13;6,94;;
1991-02;11,63;9,69;9,13;8,63;12,14;11,22;12,35;8,31;13,31;7,00;;
1991-03;11,66;9,69;9,13;8,13;11,88;10,73;12,43;8,75;12,88;6,31;;
1991-04;11,31;9,13;9,00;8,23;10,48;10,15;12,45;8,63;12,00;6,06;;
1991-05;10,38;8,78;8,94;7,91;10,10;10,00;11,35;8,00;11,56;5,94;;
1991-06;10,36;8,56;9,00;8,00;10,11;11,06;10,63;7,94;11,58;6,06;;
1991-07;10,13;8,63;9,06;7,44;9,69;10,33;10,59;7,83;11,19;5,94;;
1991-08;10,34;8,45;9,15;7,63;9,31;10,28;10,50;8,14;11,06;5,69;;
1991-09;9,36;8,38;9,19;6,88;7,72;10,87;10,40;8,19;10,75;5,44;;
1991-10;8,50;7,94;9,25;6,38;8,24;10,46;10,90;8,05;10,56;5,13;;
1991-11;8,36;7,38;9,50;6,38;8,24;10,18;12,10;8,19;10,75;5,19;;
1991-12;7,66;6,97;9,63;5,75;7,40;10,70;14,00;8,13;10,94;4,31;;
1992-01;7,63;7,11;9,66;5,44;7,37;10,93;12,48;7,50;10,79;4,19;;
1992-02;7,50;7,13;9,65;5,63;7,40;10,39;12,10;7,75;10,62;4,25;;
1992-03;7,45;7,02;9,75;4,95;7,10;10,17;11,51;9,06;10,56;4,25;;
1992-04;6,75;6,59;9,84;4,81;6,83;10,47;12,10;9,00;10,75;3,94;;
1992-05;6,44;6,00;9,75;4,81;6,88;10,60;11,70;9,63;10,13;4,00;;
1992-06;6,38;5,50;9,79;4,75;6,63;10,26;11,73;9,25;10,19;3,94;;
1992-07;5,63;5,38;9,81;4,13;6,21;10,39;12,36;8,59;10,25;3,38;;
1992-08;5,88;4,75;9,88;4,25;6,24;12,62;16,05;7,77;10,17;3,48;;
1992-09;5,88;8,59;9,13;4,19;6,51;22,57;30,00;6,97;9,25;3,19;;
1992-10;5,86;7,25;9,13;3,94;6,21;11,01;12,60;6,38;8,25;3,25;;
1992-11;5,84;8,31;9,16;4,00;6,13;24,89;13,74;7,06;7,50;4,25;;
1992-12;5,73;6,75;8,87;3,94;8,25;14,81;11,35;6,14;6,98;3,31;;
1993-01;5,73;6,41;8,69;3,63;7,86;10,24;10,75;5,44;6,60;3,13;;
1993-02;5,59;5,75;8,69;3,50;7,61;9,40;9,95;5,63;6,41;3,19;;
1993-03;5,25;4,81;8,31;3,38;7,00;9,12;10,35;5,42;6,00;3,19;;
1993-04;5,16;4,83;7,88;3,25;6,79;7,61;9,40;5,27;6,13;3,13;;
1993-05;5,19;4,75;7,94;3,31;6,38;7,67;8,85;5,19;5,84;3,25;;
1993-06;5,19;4,41;7,81;3,25;6,05;6,49;8,95;5,16;6,06;3,19;;
1993-07;4,86;4,00;7,03;3,31;5,28;6,25;8,60;4,75;6,00;3,19;;
1993-08;4,75;4,63;6,94;3,03;5,31;6,49;8,16;5,00;6,03;3,19;;
1993-09;4,75;4,48;6,94;2,56;5,32;6,90;8,10;4,75;6,13;3,19;;
1993-10;4,67;4,44;6,63;2,50;5,05;5,74;7,85;4,63;5,95;3,19;;
1993-11;4,75;3,97;6,52;2,38;5,96;5,60;7,80;4,75;5,44;3,56;;
1993-12;4,70;3,75;6,22;2,41;4,81;6,43;7,85;4,31;5,50;3,25;;
1994-01;4,75;3,69;6,13;2,31;4,45;5,12;7,69;4,31;5,50;3,13;;
1994-02;4,75;3,75;6,16;2,47;5,00;5,00;7,40;4,25;5,19;3,56;;
1994-03;4,88;5,17;5,77;2,31;7,29;5,68;7,40;4,25;5,19;3,69;;
1994-04;4,83;5,73;5,50;2,31;6,44;5,29;7,49;3,95;5,06;4,00;;
1994-05;4,75;5,88;5,19;2,13;5,28;5,30;7,11;4,30;5,06;4,38;;
1994-06;5,09;5,95;5,00;2,13;6,89;5,14;7,00;4,25;5,06;4,56;;
1994-07;5,00;5,50;5,00;2,13;6,56;5,17;7,13;4,31;5,31;4,50;;
1994-08;5,63;5,31;4,94;2,56;6,38;5,29;7,40;4,19;5,06;4,88;;
1994-09;5,69;4,94;4,94;2,31;7,00;6,17;7,45;3,94;5,44;5,05;;
1994-10;6,69;5,06;4,94;2,31;7,81;5,76;7,60;3,75;5,56;5,06;;
1994-11;7,06;5,50;5,31;2,38;8,64;6,53;7,65;3,88;5,69;6,06;;
1994-12;7,63;6,06;5,19;2,36;8,85;5,71;7,75;3,98;6,06;6,00;;
1995-01;7,88;8,08;5,00;2,28;8,84;5,46;7,75;3,81;6,44;6,09;;
1995-02;7,72;7,69;5,06;2,38;9,31;5,02;8,00;3,63;6,50;6,13;;
1995-03;7,63;8,13;4,68;1,86;9,11;5,15;8,55;3,50;6,43;6,13;;
1995-04;7,69;7,86;4,56;1,44;9,00;5,56;8,59;3,44;6,56;6,06;;
1995-05;7,50;7,50;4,50;1,31;9,10;5,99;8,65;3,25;6,38;6,06;;
1995-06;7,56;6,98;4,63;1,31;9,00;5,55;9,00;3,13;6,69;6,13;;
1995-07;7,50;6,69;4,56;0,88;8,93;5,44;9,00;2,63;6,88;5,88;;
1995-08;7,50;6,31;4,31;0,91;9,66;5,22;9,05;2,88;6,75;5,88;;
1995-09;7,44;6,25;4,13;0,47;9,27;5,37;9,00;2,47;6,81;5,88;;
1995-10;7,55;6,44;4,13;0,47;8,26;5,28;8,86;2,00;6,77;5,83;;
1995-11;7,53;5,88;4,06;0,50;8,47;5,71;8,90;2,31;6,78;5,98;;
1995-12;7,41;5,63;3,88;0,44;8,77;5,51;8,84;1,81;6,56;5,69;;
1996-01;7,48;5,25;3,44;0,52;8,53;5,63;8,35;1,77;6,38;5,44;;
1996-02;7,50;5,25;3,38;0,84;9,03;5,11;7,89;1,58;6,31;5,31;;
1996-03;7,56;5,00;3,38;0,59;9,10;4,77;7,15;1,77;6,07;5,44;;
1996-04;7,56;4,75;3,31;0,55;9,68;4,80;6,79;1,88;6,06;5,44;;
1996-05;7,56;4,75;3,38;0,51;9,83;4,81;6,39;2,70;6,09;5,44;;
1996-06;7,56;4,75;3,38;0,52;10,11;4,91;6,02;2,50;5,84;5,50;;
1996-07;7,06;4,56;3,36;0,51;10,13;4,86;5,50;2,50;5,81;5,46;;
1996-08;6,94;4,05;3,16;0,50;10,01;5,03;5,23;2,12;5,82;5,44;;
1996-09;6,83;3,98;3,09;0,48;10,00;4,85;4,99;1,39;5,91;5,43;;
1996-10;6,88;3,31;3,13;0,50;9,48;4,76;4,66;1,68;6,17;5,38;;
1996-11;6,58;3,00;3,31;0,48;9,39;4,24;4,44;2,13;6,13;5,56;;
1996-12;6,06;3,05;3,13;0,48;7,92;3,86;4,20;1,81;6,25;5,50;;
1997-01;5,89;3,06;3,13;0,48;7,45;3,53;4,26;1,71;6,23;5,44;;
1997-02;6,03;3,07;3,27;0,54;7,62;3,46;4,20;1,75;6,13;5,44;;
1997-03;6,19;3,19;3,25;0,57;7,62;3,38;4,27;1,88;6,15;5,69;;
1997-04;6,06;3,19;3,19;0,57;6,82;3,41;4,23;1,73;6,27;5,69;;
1997-05;5,52;3,13;3,16;0,58;7,12;3,39;4,30;0,99;6,44;5,69;;
1997-06;5,44;3,38;3,09;0,59;6,79;3,55;4,30;1,38;6,69;6,06;;
1997-07;5,06;3,50;3,16;0,56;8,29;3,83;4,35;1,52;6,94;5,63;;
1997-08;4,94;3,44;3,22;0,57;8,18;3,75;4,35;1,25;7,22;5,66;;
1997-09;4,86;3,50;3,22;0,56;7,86;3,64;4,35;1,39;7,19;5,66;;
1997-10;4,94;3,81;3,50;0,53;8,05;3,69;4,40;1,75;7,25;5,65;;
1997-11;5,00;4,06;3,75;0,58;7,15;3,61;4,45;1,88;7,53;5,97;;
1997-12;4,94;4,50;3,53;0,75;8,80;3,66;4,69;1,25;7,54;5,72;;
1998-01;5,06;4,55;3,47;0,68;9,03;3,72;4,63;1,06;7,50;5,60;;
1998-02;5,13;4,81;3,50;0,92;9,02;3,95;4,58;0,88;7,51;5,69;;
1998-03;5,06;4,75;3,54;0,73;9,81;3,98;4,55;1,44;7,56;5,69;;
1998-04;5,00;4,91;3,59;0,60;8,96;4,03;4,55;1,48;7,44;5,66;;
1998-05;5,06;4,88;3,50;0,53;8,44;4,67;4,55;1,69;7,46;5,66;;
1998-06;5,23;4,88;3,50;0,63;8,50;4,85;4,25;2,16;7,63;5,66;;
1998-07;5,12;5,01;3,47;0,59;7,12;5,39;4,25;1,84;7,63;5,66;;
1998-08;5,81;6,18;3,47;0,66;6,12;8,37;4,39;1,57;7,55;5,64;;
1998-09;4,94;5,48;3,50;0,43;5,05;8,12;4,25;1,38;7,44;5,38;;
1998-10;4,83;5,25;3,50;0,35;4,48;8,16;4,07;1,00;7,38;5,24;;
1998-11;4,93;5,13;3,74;0,43;3,79;8,45;3,69;1,81;6,94;5,62;;
1998-12;4,78;5,02;3,25;0,44;4,69;8,71;3,56;1,25;6,34;5,06;;
1999-01;4,78;5,04;3,12;0,40;3,64;7,85;3,40;1,19;6,01;4,94;;
1999-02;4,80;5,04;3,12;0,28;4,68;7,78;3,30;1,24;5,63;4,96;;
1999-03;4,82;4,95;2,99;0,17;4,64;7,11;3,05;1,19;5,39;4,94;;
1999-04;4,83;4,79;2,57;0,12;4,59;7,10;3,05;0,96;5,36;4,90;;
1999-05;4,88;4,76;2,57;0,09;4,61;6,88;3,12;1,00;5,38;4,94;;
1999-06;4,90;4,75;2,64;0,09;4,70;6,47;3,10;1,18;5,14;5,24;;
1999-07;4,78;4,78;2,63;0,08;4,64;6,46;3,10;1,02;5,25;5,19;;
1999-08;4,82;4,76;2,60;0,08;4,66;6,31;3,00;0,96;5,07;5,38;;
1999-09;4,85;4,68;2,58;0,08;4,64;5,75;3,16;1,19;5,43;5,40;;
1999-10;4,94;4,75;2,86;0,08;4,81;5,82;3,16;1,17;5,43;5,41;;
1999-11;5,40;5,53;3,51;0,63;5,23;6,04;3,70;2,04;5,50;6,48;;
1999-12;5,32;5,01;3,17;0,15;5,28;5,85;3,45;1,59;5,41;5,83;;
2000-01;5,31;5,06;3,31;0,09;5,42;5,78;3,68;2,07;6,11;5,89;;
2000-02;5,56;5,09;3,45;0,13;5,69;5,83;3,90;2,20;6,16;5,92;;
2000-03;5,71;5,32;3,69;0,10;6,07;5,90;3,90;2,58;6,05;6,13;;
2000-04;6,01;5,47;3,93;0,09;6,35;6,33;4,02;3,10;6,19;6,29;;
2000-05;6,09;5,88;4,25;0,08;6,64;6,30;3,88;2,78;6,12;6,65;;
2000-06;6,11;5,83;4,42;0,15;6,67;6,57;3,92;3,24;6,07;6,64;;
2000-07;6,11;5,79;4,41;0,12;6,68;6,70;4,01;3,21;6,09;6,62;;
2000-08;6,33;5,79;4,74;0,40;6,59;7,03;3,92;3,27;6,07;6,63;;
2000-09;6,42;5,78;4,79;0,37;6,59;7,25;3,94;3,28;6,10;6,62;;
2000-10;6,28;5,81;4,95;0,33;6,58;7,36;3,85;3,22;6,06;6,62;;
2000-11;6,22;5,81;5,03;0,71;6,61;7,43;4,00;3,45;5,98;6,80;;
2000-12;6,21;5,75;4,86;0,56;6,60;7,52;4,12;3,37;5,85;6,56;;
2001-01;5,88;5,50;4,79;0,42;6,56;7,35;4,10;3,46;5,90;5,57;;
2001-02;5,56;5,18;4,81;0,38;6,53;7,29;4,10;3,43;5,72;5,21;;
2001-03;5,13;4,92;4,69;0,13;6,31;7,36;4,08;3,37;5,69;5,08;;
2001-04;4,88;4,70;4,83;0,08;6,05;7,58;4,10;3,18;5,42;4,43;;
2001-05;4,96;4,56;4,57;0,07;5,80;7,21;4,11;3,28;5,31;4,06;;
2001-06;4,98;4,52;4,53;0,07;5,79;7,37;4,33;3,28;5,22;3,86;;
2001-07;5,00;4,24;4,51;0,07;5,80;7,19;4,35;3,25;5,25;3,75;;
2001-08;4,80;4,04;4,32;0,06;5,82;7,12;4,35;3,34;4,89;3,58;;
2001-09;4,40;3,43;3,73;0,06;5,33;7,17;3,87;2,25;4,70;2,63;;
2001-10;4,34;2,75;3,64;0,05;5,29;7,04;3,85;2,14;4,25;2,29;;
2001-11;4,27;2,35;3,42;0,08;4,88;7,05;3,88;2,10;4,03;2,12;;
2001-12;4,25;2,14;3,33;0,07;4,86;6,57;3,89;1,79;4,15;1,87;;
2002-01;4,25;2,08;3,35;0,06;4,84;6,66;3,88;1,61;4,03;1,85;;
2002-02;4,25;2,08;3,34;0,11;4,85;6,65;3,91;1,71;4,03;1,87;;
2002-03;4,40;2,17;3,36;0,08;5,19;6,69;4,15;1,51;4,02;1,88;;
2002-04;4,40;2,33;3,33;0,07;5,47;6,72;4,37;1,52;4,05;1,84;;
2002-05;4,75;2,58;3,39;0,06;5,63;6,70;4,38;1,17;4,08;1,84;;
2002-06;5,00;2,68;3,39;0,05;5,82;7,03;4,45;1,16;3,96;1,84;;
2002-07;4,83;2,78;3,34;0,05;5,90;7,20;4,38;0,77;3,93;1,82;;
2002-08;4,86;2,96;3,33;0,05;5,86;7,13;4,38;0,68;4,01;1,82;;
2002-09;4,78;2,82;3,32;0,05;5,87;7,14;4,38;0,72;3,94;1,81;;
2002-10;4,81;2,81;3,30;0,05;5,91;7,13;4,36;0,68;3,94;1,72;;
2002-11;4,78;2,80;3,18;0,06;5,92;7,22;4,15;0,74;4,00;1,44;;
2002-12;4,78;2,78;2,90;0,05;5,94;6,61;3,92;0,61;4,06;1,38;;
2003-01;4,77;2,80;2,83;0,05;5,86;6,10;3,90;0,59;3,99;1,34;;
2003-02;4,73;2,95;2,65;0,06;5,80;5,69;3,86;0,58;3,71;1,34;;
2003-03;4,73;3,13;2,57;0,05;5,86;5,67;3,67;0,30;3,71;1,30;;
2003-04;4,73;3,32;2,58;0,05;5,59;5,22;3,65;0,27;3,63;1,32;;
2003-05;4,73;3,28;2,39;0,05;5,43;5,07;3,38;0,24;3,69;1,32;;
2003-06;4,62;3,27;2,15;0,05;5,41;4,17;3,11;0,26;3,67;1,12;;
2003-07;4,73;3,05;2,11;0,04;5,05;3,67;2,93;0,24;3,41;1,10;;
2003-08;4,78;2,87;2,13;0,05;5,06;3,11;2,93;0,24;3,62;1,12;;
2003-09;4,82;2,75;2,11;0,04;5,09;2,81;2,90;0,20;3,69;1,12;;
2003-10;4,87;2,80;2,10;0,05;5,12;2,84;2,91;0,20;3,75;1,12;;
2003-11;5,28;2,80;2,15;0,05;5,29;2,90;2,90;0,25;3,81;1,17;;
2003-12;5,38;2,75;2,10;0,05;5,10;2,48;2,95;0,22;3,90;1,12;;
2004-01;5,53;2,56;2,07;0,04;5,41;2,20;2,77;0,20;3,98;1,10;;
2004-02;5,45;2,32;2,05;0,04;5,42;1,96;2,64;0,23;4,12;1,10;;
2004-03;5,38;2,19;2,02;0,04;5,34;1,94;2,36;0,22;4,19;1,09;;
2004-04;5,48;2,06;2,06;0,04;5,60;1,95;2,18;0,22;4,27;1,10;;
2004-05;5,40;2,09;2,06;0,04;5,74;2,02;2,18;0,20;4,47;1,11;;
2004-06;5,40;2,07;2,08;0,04;5,86;1,96;2,18;0,40;4,63;1,37;;
2004-07;5,33;2,06;2,08;0,04;6,13;2,02;2,18;0,40;4,76;1,50;;
2004-08;5,30;2,16;2,08;0,04;6,26;1,98;2,18;0,42;4,85;1,67;;
2004-09;5,32;2,37;2,08;0,04;6,50;2,01;2,18;0,60;4,85;1,84;;
2004-10;5,30;2,58;2,09;0,04;6,62;1,99;2,15;0,65;4,83;2,00;;
2004-11;5,31;2,65;2,17;0,04;6,53;2,00;2,15;0,68;4,82;2,29;;
2004-12;5,31;2,62;2,13;0,04;6,63;1,96;2,15;0,66;4,86;2,40;;
2005-01;5,34;2,60;2,11;0,04;6,63;1,90;2,12;0,71;4,83;2,59;;
2005-02;5,52;2,60;2,10;0,04;6,69;1,91;2,10;0,72;4,87;2,72;;
2005-03;5,74;2,60;2,11;0,04;6,91;2,04;2,10;0,75;4,87;2,87;;
2005-04;5,57;2,58;2,10;0,04;6,84;1,99;2,10;0,74;4,87;3,09;;
2005-05;5,57;2,57;2,11;0,04;6,89;2,04;2,10;0,73;4,86;3,13;;
2005-06;5,55;2,56;2,11;0,04;6,93;2,15;1,65;0,73;4,82;3,34;;
2005-07;5,53;2,59;2,11;0,04;6,99;2,17;1,64;0,73;4,65;3,52;;
2005-08;5,52;2,73;2,11;0,04;6,90;2,18;1,65;0,73;4,59;3,70;;
2005-09;5,54;2,90;2,12;0,05;7,03;2,27;1,66;0,74;4,60;3,86;;
2005-10;5,52;3,06;2,13;0,05;7,22;2,43;1,65;0,75;4,59;4,09;;
2005-11;5,52;3,25;2,39;0,05;7,50;2,48;1,67;0,91;4,60;4,29;;
2005-12;5,53;3,32;2,40;0,05;7,51;2,49;1,73;0,89;4,66;4,39;;
2006-01;5,52;3,56;2,39;0,05;7,54;2,43;1,90;0,89;4,59;4,57;;
2006-02;5,51;3,77;2,60;0,06;7,33;2,49;2,13;1,03;4,57;4,63;;
2006-03;5,50;3,84;2,65;0,08;7,46;2,87;2,16;1,14;4,59;4,83;;
2006-04;5,63;4,09;2,67;0,08;7,45;2,78;2,14;1,26;4,63;5,04;;
2006-05;5,75;4,28;2,79;0,15;7,35;2,94;2,23;1,31;4,66;5,11;;
2006-06;5,81;4,32;2,90;0,20;7,33;2,94;2,42;1,42;4,68;5,33;;
2006-07;6,00;4,28;3,03;0,36;7,40;3,01;2,42;1,42;4,69;5,39;;
2006-08;6,02;4,30;3,10;0,36;7,40;3,17;2,63;1,55;4,92;5,33;;
2006-09;6,04;4,28;3,27;0,38;7,49;3,29;2,67;1,72;4,96;5,32;;
2006-10;6,19;4,30;3,38;0,37;7,44;3,50;2,90;1,73;5,06;5,32;;
2006-11;6,27;4,26;3,58;0,42;7,55;3,64;3,01;1,88;5,15;5,35;;
2006-12;6,27;4,27;3,63;0,47;7,50;3,82;3,16;2,05;5,26;5,32;;
2007-01;6,26;4,27;3,61;0,41;7,42;4,03;3,23;2,08;5,44;5,32;;
2007-02;6,26;4,26;3,75;0,71;7,61;4,13;3,39;2,12;5,43;5,32;;
2007-03;6,36;4,26;3,87;0,67;7,75;4,40;3,40;2,22;5,47;5,32;;
2007-04;6,25;4,26;3,86;0,64;7,90;4,31;3,47;2,21;5,57;5,32;;
2007-05;6,25;4,27;4,03;0,64;7,98;4,53;3,46;2,35;5,67;5,32;;
2007-06;6,25;4,48;4,11;0,64;8,18;4,75;3,66;2,62;5,92;5,32;;
2007-07;6,42;4,53;4,11;0,64;8,43;4,82;3,66;2,56;5,91;5,32;;
2007-08;6,74;5,15;4,46;0,83;8,65;4,90;3,91;2,74;6,62;5,72;;
2007-09;6,75;4,92;4,41;0,81;8,45;5,55;4,15;2,53;6,18;5,12;;
2007-10;6,73;4,74;4,16;0,62;8,41;5,41;4,22;2,28;6,03;4,71;;
2007-11;6,96;5,00;4,82;1,00;8,96;5,66;4,68;2,67;6,09;5,24;;
2007-12;6,67;4,55;4,28;0,70;8,95;5,75;4,51;2,43;5,95;4,60;;
2008-01;7,10;4,10;4,19;0,65;8,45;5,57;4,39;2,46;5,57;3,14;;
2008-02;7,52;3,85;4,20;0,86;8,66;5,85;4,61;2,61;5,59;3,11;;
2008-03;7,55;3,70;4,36;0,74;8,90;5,90;4,80;2,72;5,79;2,70;;
2008-04;7,55;3,29;4,39;0,68;8,70;6,38;4,78;2,41;5,47;2,80;;
2008-05;7,40;3,15;4,46;0,71;8,60;6,06;4,75;2,36;5,46;2,46;;
2008-06;7,51;3,20;4,44;0,72;8,60;6,26;4,71;2,36;5,50;2,46;;
2008-07;7,44;3,15;4,48;0,64;8,46;6,05;4,72;2,27;5,39;2,46;;
2008-08;7,12;3,10;4,50;0,69;8,16;6,18;4,85;2,26;5,36;2,49;;
2008-09;7,78;4,00;5,04;0,93;9,46;7,72;5,32;2,80;6,08;3,93;;
2008-10;6,53;3,04;4,42;0,85;7,81;6,17;4,66;1,86;5,66;2,58;;
2008-11;5,13;2,52;3,57;0,92;6,69;5,99;4,27;0,88;3,26;1,90;;
2008-12;4,86;2,05;2,59;0,69;5,72;4,05;2,29;0,34;2,17;0,44;;
2009-01;3,93;1,40;1,74;0,40;4,24;3,45;2,09;0,32;1,59;0,42;;
2009-02;3,65;1,20;1,52;0,47;3,68;3,00;1,22;0,30;1,41;0,50;;
2009-03;3,57;0,73;1,12;0,43;3,57;2,88;1,15;0,23;1,03;0,50;;
2009-04;3,34;0,45;0,93;0,29;3,14;2,47;0,76;0,21;0,85;0,41;;
2009-05;3,21;0,40;0,92;0,24;2,90;2,05;0,75;0,20;0,67;0,32;;
2009-06;3,28;0,32;0,73;0,23;2,90;1,79;0,77;0,20;0,65;0,31;;
2009-07;3,22;0,30;0,49;0,21;2,86;1,59;0,44;0,16;0,58;0,28;;
2009-08;3,26;0,30;0,43;0,20;2,74;1,66;0,42;0,12;0,53;0,26;;
2009-09;3,23;0,30;0,40;0,18;2,93;1,58;0,36;0,10;0,50;0,25;;
2009-10;3,62;0,30;0,39;0,16;2,88;1,81;0,35;0,09;0,51;0,24;;
2009-11;3,75;0,30;0,44;0,18;2,86;1,80;0,36;0,11;0,51;0,24;;
2009-12;3,95;0,30;0,41;0,17;2,91;1,96;0,36;0,11;0,52;0,23;;
2010-01;4,04;0,30;0,39;0,16;2,82;2,05;0,36;0,10;0,52;0,23;;
2010-02;3,99;0,31;0,38;0,16;2,75;2,02;0,35;0,09;0,54;0,23;;
2010-03;4,18;0,33;0,37;0,16;2,70;2,03;0,37;0,09;0,55;0,25;;
2010-04;4,41;0,38;0,38;0,16;2,75;2,14;0,38;0,08;0,55;0,28;;
2010-05;4,70;0,45;0,39;0,16;2,83;2,38;0,40;0,04;0,57;0,35;;
2010-06;4,75;0,70;0,45;0,16;3,05;2,57;0,42;0,06;0,57;0,35;;
2010-07;4,74;0,85;0,59;0,16;3,20;2,51;0,67;0,13;0,57;0,31;;
2010-08;4,69;0,88;0,58;0,15;3,22;2,49;0,73;0,13;0,57;0,26;;
2010-09;4,71;1,13;0,61;0,14;3,20;2,41;0,93;0,14;0,57;0,26;;
2010-10;4,60;1,11;0,81;0,13;3,22;2,34;1,29;0,13;0,57;0,25;;
2010-11;4,80;1,09;0,75;0,12;3,22;2,36;1,33;0,14;0,58;0,26;;
2010-12;4,85;1,10;0,71;0,13;3,22;2,47;1,55;0,14;0,59;0,26;;
2011-01;4,85;1,08;0,87;0,13;3,19;2,29;1,64;0,14;0,60;0,26;;
2011-02;4,85;1,08;0,82;0,13;3,11;2,40;1,96;0,14;0,61;0,26;;
2011-03;4,80;1,08;0,92;0,15;2,76;2,33;2,05;0,14;0,62;0,24;;
2011-04;4,80;1,08;1,19;0,14;2,71;2,47;2,12;0,14;0,62;0,21;;
2011-05;4,81;1,09;1,18;0,14;2,68;2,76;2,14;0,13;0,63;0,19;;
2011-06;4,78;1,08;1,28;0,14;2,66;2,66;2,20;0,13;0,63;0,19;;
2011-07;4,82;1,08;1,38;0,14;2,66;2,70;2,31;0,13;0,63;0,19;;
2011-08;4,84;1,06;1,30;0,14;2,70;2,89;2,31;0,00;0,66;0,22;;
2011-09;4,83;1,12;1,30;0,14;2,74;2,74;2,31;0,01;0,69;0,24;;
2011-10;4,81;1,15;1,31;0,14;2,73;2,77;2,32;0,02;0,70;0,25;;
2011-11;4,67;1,16;1,14;0,14;2,76;3,01;2,37;0,03;0,74;0,27;;
2011-12;4,53;1,18;0,96;0,14;2,76;2,51;2,37;0,03;0,77;0,30;;
2012-01;4,51;1,19;0,65;0,14;2,75;2,25;2,37;0,05;0,77;0,26;;
2012-02;4,52;1,19;0,49;0,14;2,75;2,21;2,18;0,06;0,74;0,24;;
2012-03;4,52;1,16;0,36;0,14;2,75;1,91;2,15;0,08;0,70;0,24;;
2012-04;4,42;1,14;0,35;0,14;2,74;1,95;2,08;0,08;0,69;0,24;;
2012-05;3,99;1,11;0,33;0,14;2,70;1,93;2,07;0,04;0,67;0,24;;
2012-06;3,81;1,11;0,32;0,14;2,70;1,95;2,02;0,04;0,62;0,25;;
2012-07;3,76;1,09;0,10;0,14;2,70;1,88;1,95;0,02;0,56;0,25;;
2012-08;3,75;1,09;0,07;0,14;2,71;1,86;1,90;0,01;0,53;0,23;;
2012-09;3,68;1,08;0,07;0,14;2,70;1,83;1,59;0,01;0,51;0,21;;
2012-10;3,34;1,07;0,06;0,14;2,65;1,76;1,50;0,01;0,50;0,21;;
2012-11;3,30;1,06;0,06;0,13;2,65;1,88;1,47;0,01;0,50;0,21;;
2012-12;3,14;1,05;0,05;0,13;2,65;1,77;1,36;-0,01;0,49;0,21;;
2013-01;3,12;1,05;0,06;0,13;2,66;1,83;1,23;0,00;0,49;0,20;;
2013-02;3,13;1,05;0,06;0,13;2,66;1,72;1,23;0,00;0,49;0,20;;
2013-03;3,12;1,05;0,06;0,12;2,63;1,84;1,23;0,00;0,50;0,20;;
2013-04;3,09;1,05;0,06;0,12;2,63;1,74;1,16;0,00;0,49;0,20;;
2013-05;2,87;1,05;0,06;0,12;2,63;1,66;1,17;0,00;0,49;0,19;;
2013-06;2,82;1,22;0,07;0,12;2,65;1,55;1,14;0,00;0,49;0,19;;
2013-07;2,68;1,22;0,08;0,12;2,63;1,64;1,10;0,00;0,49;0,19;;
2013-08;2,60;1,22;0,08;0,12;2,63;1,63;1,11;0,00;0,49;0,18;;
2013-09;2,58;1,22;0,09;0,12;2,63;1,61;1,11;0,00;0,49;0,18;;
2013-10;2,57;1,22;0,10;0,11;2,65;1,58;1,13;-0,01;0,49;0,17;;
2013-11;2,57;1,22;0,13;0,11;2,67;1,64;1,04;-0,01;0,49;0,17;;
2013-12;2,62;1,22;0,20;0,11;2,67;1,62;0,86;-0,01;0,49;0,17;;
2014-01;2,61;1,22;0,20;0,11;2,68;1,62;0,86;-0,01;0,48;0,16;;
2014-02;2,61;1,22;0,20;0,10;2,78;1,62;0,86;-0,01;0,48;0,16;;
2014-03;2,64;1,23;0,21;0,10;2,96;1,65;0,83;-0,01;0,49;0,15;;
2014-04;2,66;1,25;0,24;0,10;3,16;1,69;0,85;-0,01;0,49;0,15;;
2014-05;2,66;1,24;0,24;0,10;3,28;1,71;0,89;-0,01;0,49;0,15;;
2014-06;2,66;1,25;0,09;0,10;3,43;1,63;0,72;0,00;0,49;0,16;;
2014-07;2,64;1,25;0,09;0,09;3,64;1,56;0,40;0,00;0,50;0,16;;
2014-08;2,61;1,25;0,06;0,09;3,65;1,60;0,38;0,00;0,50;0,16;;
2014-09;2,65;1,26;0,00;0,09;3,67;1,58;0,40;0,00;0,51;0,16;;
2014-10;2,64;1,27;0,01;0,08;3,65;1,55;0,17;0,00;0,51;0,16;;
2014-11;2,63;1,28;0,01;0,08;3,64;1,55;0,16;0,00;0,50;0,15;;
2014-12;2,64;1,30;0,01;0,08;3,64;1,40;0,18;-0,04;0,50;0,17;;
2015-01;2,49;1,01;0,00;0,07;3,65;1,44;0,05;-0,90;0,50;0,17;;
2015-02;2,30;0,98;-0,01;0,07;3,63;1,35;-0,02;-0,87;0,51;0,17;;
2015-03;2,21;1,00;-0,02;0,07;3,63;1,53;-0,10;-0,85;0,50;0,18;;
2015-04;2,22;0,99;-0,06;0,07;3,62;1,48;-0,27;-0,82;0,51;0,18;;
2015-05;2,02;0,99;-0,07;0,06;3,52;1,41;-0,28;-0,82;0,51;0,18;;
2015-06;2,04;0,99;-0,08;0,06;3,33;1,22;-0,28;-0,83;0,51;0,19;;
2015-07;2,05;0,75;-0,09;0,06;3,13;1,16;-0,27;-0,79;0,51;0,19;;
2015-08;2,04;0,74;-0,11;0,05;3,01;1,14;-0,38;-0,78;0,51;0,20;;
2015-09;2,06;0,79;-0,12;0,04;2,84;1,00;-0,38;-0,79;0,51;0,19;;
2015-10;2,02;0,84;-0,13;0,05;2,90;0,96;-0,41;-0,77;0,51;0,19;;
2015-11;2,05;0,84;-0,17;0,04;2,79;1,30;-0,45;-0,85;0,50;0,24;;
2015-12;2,06;0,88;-0,20;0,05;2,62;1,04;-0,41;-0,80;0,50;0,43;;
2016-01;2,05;0,86;-0,23;0,02;2,58;1,02;-0,42;-0,79;0,51;0,43;;
2016-02;2,10;0,87;-0,27;-0,05;2,51;0,96;-0,60;-0,83;0,51;0,44;;
2016-03;2,09;0,90;-0,33;-0,06;2,31;0,84;-0,53;-0,78;0,51;0,44;;
2016-04;2,02;0,94;-0,35;-0,05;2,29;0,83;-0,55;-0,78;0,51;0,44;;
2016-05;1,83;0,91;-0,35;-0,05;2,26;0,81;-0,61;-0,77;0,52;0,47;;
2016-06;1,83;0,88;-0,36;-0,05;2,35;0,88;-0,63;-0,83;0,51;0,47;;
2016-07;1,79;0,90;-0,37;-0,04;2,26;0,82;-0,68;-0,80;0,43;0,50;;
2016-08;1,62;0,89;-0,37;-0,07;2,10;0,88;-0,65;-0,81;0,27;0,52;;
2016-09;1,61;0,88;-0,38;-0,05;2,17;0,98;-0,62;-0,80;0,27;0,53;;
2016-10;1,62;0,88;-0,38;-0,04;2,10;0,94;-0,59;-0,79;0,27;0,53;;
2016-11;1,62;0,88;-0,38;-0,11;1,90;1,29;-0,68;-0,82;0,26;0,62;;
2016-12;1,64;0,94;-0,38;-0,08;1,85;1,05;-0,66;-0,80;0,26;0,77;;
