Date;AUD;CAD;EUR;JPY;NZD;NOK;SWK;SWF;GBP;
1986-01;-0,09;-0,13;0,60;0,11;0,62;0,26;0,19;0,46;0,14;
1986-02;0,01;-0,19;0,66;0,22;0,25;0,16;0,15;0,48;0,16;
1986-03;0,06;-0,17;0,70;0,26;0,33;0,22;0,35;0,56;0,31;
1986-04;0,10;-0,16;0,62;0,34;0,15;0,09;0,38;0,46;0,22;
1986-05;0,16;-0,15;0,69;0,39;-0,06;0,02;0,45;0,48;0,22;
1986-06;0,15;-0,17;0,40;0,38;-0,05;-0,05;0,52;0,38;0,09;
1986-07;0,01;-0,17;0,37;0,42;-0,06;0,09;0,58;0,36;0,21;
1986-08;-0,21;-0,19;0,38;0,57;-0,01;-0,10;0,58;0,29;0,07;
1986-09;-0,20;-0,23;0,42;0,60;0,14;-0,05;0,51;0,28;0,01;
1986-10;-0,15;-0,12;0,28;0,54;0,06;-0,09;0,54;0,26;0,00;
1986-11;-0,04;-0,14;0,11;0,37;-0,26;-0,23;0,48;0,14;-0,08;
1986-12;0,07;-0,14;0,25;0,48;-0,30;-0,24;0,33;0,15;-0,11;
1987-01;0,20;-0,05;0,16;0,56;-0,41;-0,18;0,36;0,15;0,07;
1987-02;-0,01;0,03;-0,07;0,56;-0,20;-0,18;0,18;0,08;0,11;
1987-03;0,19;0,07;-0,14;0,51;-0,50;-0,10;0,20;0,00;0,13;
1987-04;0,19;0,10;-0,11;0,44;-0,22;0,05;0,14;0,02;0,06;
1987-05;0,15;0,06;-0,22;0,57;-0,20;0,13;0,15;-0,03;0,13;
1987-06;0,22;0,09;-0,04;0,60;-0,12;0,19;0,10;0,01;0,28;
1987-07;0,36;0,10;-0,05;0,39;-0,22;0,12;0,03;-0,01;0,19;
1987-08;0,49;0,13;-0,12;0,13;-0,28;0,26;-0,07;-0,04;0,20;
1987-09;0,57;0,13;-0,19;0,19;-0,46;0,24;0,05;-0,06;0,19;
1987-10;0,40;0,03;-0,27;0,04;-0,57;0,18;-0,02;-0,11;0,22;
1987-11;0,08;0,08;-0,17;0,44;-0,34;0,19;0,03;0,00;0,24;
1987-12;0,17;0,14;-0,25;0,47;-0,33;0,06;0,05;-0,05;0,29;
1988-01;0,06;0,10;-0,33;0,35;-0,30;0,03;0,00;-0,12;0,27;
1988-02;0,08;0,03;-0,18;0,33;-0,23;0,03;0,24;-0,11;0,22;
1988-03;-0,03;0,05;-0,03;0,37;0,03;0,04;0,16;0,00;0,11;
1988-04;0,07;0,07;-0,05;0,40;-0,28;0,13;0,24;0,00;0,18;
1988-05;0,08;0,09;-0,04;0,24;-0,31;0,05;0,15;-0,05;0,09;
1988-06;0,18;0,06;0,01;0,19;-0,45;0,03;0,24;-0,03;0,00;
1988-07;0,14;0,11;0,05;0,24;-0,36;0,02;0,20;-0,05;-0,03;
1988-08;0,13;0,06;0,06;0,39;-0,40;-0,07;0,21;-0,10;0,02;
1988-09;0,05;0,07;0,05;0,24;-0,12;-0,19;0,15;-0,11;-0,01;
1988-10;-0,01;0,07;0,12;0,32;-0,12;-0,20;0,15;-0,11;-0,02;
1988-11;0,29;0,05;0,10;0,15;-0,16;-0,11;0,15;-0,10;0,03;
1988-12;0,18;0,03;0,11;0,16;-0,17;0,10;0,25;-0,07;0,01;
1989-01;0,17;0,02;0,18;0,19;-0,17;0,23;0,23;-0,06;-0,09;
1989-02;0,29;0,09;0,19;0,10;-0,12;0,30;0,19;-0,08;-0,01;
1989-03;0,18;0,05;0,13;0,11;-0,25;0,34;0,23;-0,05;0,04;
1989-04;-0,01;-0,03;0,12;-0,04;-0,27;0,26;0,16;-0,08;-0,06;
1989-05;-0,10;-0,07;0,09;-0,10;-0,26;0,27;0,10;-0,09;-0,10;
1989-06;-0,30;-0,05;0,06;-0,14;-0,13;0,21;0,03;-0,13;-0,18;
1989-07;-0,22;-0,06;0,06;-0,07;-0,12;0,24;0,16;0,02;-0,08;
1989-08;-0,26;-0,05;0,01;-0,11;-0,06;0,22;0,18;0,08;-0,06;
1989-09;-0,22;-0,05;0,00;-0,16;-0,22;0,23;0,15;0,02;-0,06;
1989-10;-0,14;-0,03;-0,02;-0,09;-0,25;0,25;0,12;0,03;-0,07;
1989-11;-0,20;0,00;-0,06;-0,15;-0,33;0,15;0,06;-0,05;-0,18;
1989-12;-0,23;-0,05;-0,05;-0,24;-0,38;0,10;-0,07;-0,06;-0,19;
1990-01;-0,18;-0,04;-0,02;-0,23;-0,46;0,11;0,06;-0,02;-0,08;
1990-02;-0,13;-0,08;0,08;-0,14;-0,47;0,28;0,12;0,15;-0,02;
1990-03;-0,11;-0,09;0,02;-0,34;-0,37;0,22;-0,03;0,06;-0,10;
1990-04;-0,15;-0,09;0,03;-0,59;-0,36;0,13;-0,10;0,03;-0,13;
1990-05;-0,15;-0,13;0,06;-0,41;-0,29;0,10;0,01;0,08;-0,13;
1990-06;-0,09;-0,12;0,03;-0,27;-0,30;0,20;0,10;0,24;0,05;
1990-07;-0,05;-0,14;0,00;-0,29;-0,36;0,17;0,10;0,12;0,07;
1990-08;-3,43882E-05;-0,11;0,03;-0,34;-0,41;0,33;0,11;0,11;0,08;
1990-09;0,03;-0,05;-0,04;-0,25;-0,54;0,38;0,10;0,12;0,15;
1990-10;-0,04;-0,07;-0,12;-0,48;-0,43;0,30;-0,03;0,07;0,12;
1990-11;-0,10;-0,10;-0,04;-0,26;-0,24;0,34;-0,02;0,12;0,24;
1990-12;-0,09;-0,12;-0,11;-0,42;-0,13;0,23;-0,04;0,02;0,22;
1991-01;-0,18;-0,11;-0,21;-0,40;-0,12;0,05;-0,20;-0,02;0,12;
1991-02;-0,24;-0,12;-0,31;-0,42;-0,14;-0,21;-0,15;-0,06;0,03;
1991-03;-0,16;-0,13;-0,23;-0,26;-0,12;-0,27;-0,10;-0,08;0,09;
1991-04;-0,07;-0,12;-0,23;-0,01;-0,10;-0,30;-0,07;-0,05;0,09;
1991-05;0,01;-0,07;-0,25;-0,10;-0,17;-0,36;-0,21;-0,08;0,10;
1991-06;-0,04;-0,04;-0,17;-0,20;-0,11;-0,31;-0,19;-0,18;-0,01;
1991-07;-0,04;-0,05;-0,20;-0,18;-0,07;-0,36;-0,27;-0,24;-0,11;
1991-08;-0,08;-0,08;-0,23;-0,18;-0,10;-0,47;-0,29;-0,24;-0,08;
1991-09;-0,18;-0,14;-0,18;-0,23;-0,06;-0,47;-0,29;-0,24;-0,10;
1991-10;-0,07;-0,13;-0,09;0,02;-0,15;-0,41;-0,16;-0,16;-0,02;
1991-11;0,05;-0,08;-0,17;-0,17;-0,30;-0,47;-0,17;-0,19;-0,12;
1991-12;0,05;-0,05;-0,13;-0,10;-0,21;-0,59;-0,13;-0,13;-0,14;
1992-01;0,02;-0,16;-0,14;-0,16;-0,09;-0,42;-0,13;-0,11;-0,13;
1992-02;0,00;-0,10;-0,03;-0,18;-0,14;-0,34;-0,23;-0,11;-0,13;
1992-03;0,02;-0,10;-0,03;-0,28;-0,06;-0,37;-0,22;-0,07;-0,13;
1992-04;0,00;-0,12;-0,06;-0,39;-0,02;-0,27;-0,15;-0,05;-0,15;
1992-05;-0,02;-0,14;-0,05;-0,45;0,04;-0,14;-0,09;-0,02;-0,01;
1992-06;0,03;-0,16;-0,07;-0,34;-0,02;-0,15;-0,09;0,05;0,07;
1992-07;-0,04;-0,16;-0,10;-0,37;0,03;-0,16;-0,11;0,14;0,09;
1992-08;-0,13;-0,15;-0,16;-0,43;0,15;-0,23;-0,19;0,09;-0,04;
1992-09;-0,15;-0,14;-0,19;-0,17;0,27;-0,38;-0,20;0,17;-0,05;
1992-10;-0,26;-0,21;-0,19;-0,29;0,31;-0,36;-0,30;0,21;-0,12;
1992-11;-0,38;-0,22;-0,15;-0,39;0,53;-0,39;-0,38;0,10;-0,18;
1992-12;-0,34;-0,31;-0,13;-0,32;0,33;-0,17;-0,22;0,05;-0,15;
1993-01;-0,18;-0,19;-0,05;-0,29;0,43;-0,31;-0,22;0,10;-0,12;
1993-02;-0,22;-0,26;-0,12;-0,27;0,55;-0,31;-0,30;0,05;-0,17;
1993-03;-0,12;-0,19;-0,07;-0,16;0,42;-0,23;-0,21;0,05;-0,15;
1993-04;-0,15;-0,14;-0,09;0,16;0,36;-0,19;-0,27;0,10;-0,04;
1993-05;-0,16;-0,07;-0,08;0,33;0,33;-0,18;-0,17;0,13;-0,14;
1993-06;-0,19;-0,08;-0,11;0,28;0,38;-0,27;-0,15;0,11;-0,18;
1993-07;-0,17;-0,08;-0,01;0,32;0,30;-0,20;-0,16;0,08;-0,16;
1993-08;-0,03;-0,08;0,14;0,45;0,22;-0,12;-0,07;0,10;-0,10;
1993-09;0,04;-0,10;0,20;0,25;0,21;0,07;0,01;0,09;-0,07;
1993-10;0,07;-0,07;0,19;0,24;0,22;0,04;0,16;0,05;-0,05;
1993-11;0,27;-0,02;0,22;0,27;0,14;0,23;0,33;0,21;0,06;
1993-12;0,19;0,07;0,21;0,18;0,21;0,16;0,14;0,28;0,09;
1994-01;0,22;0,08;0,27;0,15;0,06;0,28;0,25;0,31;0,12;
1994-02;0,34;0,14;0,25;0,31;-0,02;0,35;0,42;0,38;0,18;
1994-03;0,21;0,07;0,16;0,34;-0,01;0,39;0,33;0,34;0,14;
1994-04;0,20;0,05;0,21;0,17;0,07;0,28;0,33;0,33;0,08;
1994-05;0,17;-0,02;0,24;0,04;0,11;0,19;0,33;0,29;0,08;
1994-06;0,27;-0,01;0,19;0,07;0,00;0,24;0,21;0,23;0,01;
1994-07;0,22;-0,05;0,12;0,13;0,01;0,24;0,21;0,24;0,06;
1994-08;0,17;-0,03;0,09;0,03;0,00;0,31;0,25;0,20;0,08;
1994-09;0,16;0,02;0,04;0,02;-0,10;0,21;0,20;0,17;0,06;
1994-10;0,16;0,11;0,01;0,04;-0,13;0,18;0,16;0,12;0,03;
1994-11;0,05;0,00;-0,03;0,08;-0,16;0,14;0,18;0,12;0,08;
1994-12;0,15;-0,01;0,01;0,16;-0,20;0,21;0,26;0,09;0,02;
1995-01;0,03;-0,05;-0,09;0,20;-0,14;0,20;0,16;0,02;-0,04;
1995-02;-0,12;-0,15;-0,11;-0,03;-0,18;0,10;0,04;-0,06;-0,10;
1995-03;-0,12;-0,12;-0,13;-0,19;-0,16;-0,03;0,05;0,02;-0,08;
1995-04;-0,12;-0,10;-0,23;-0,15;-0,18;-0,04;0,01;0,01;-0,03;
1995-05;-0,08;-0,07;-0,24;-0,10;-0,25;0,03;-0,02;0,00;-0,06;
1995-06;-0,20;-0,07;-0,16;-0,23;-0,26;-0,02;0,02;0,03;0,00;
1995-07;-0,19;-0,05;-0,19;-0,37;-0,21;0,02;0,09;0,02;-0,07;
1995-08;-0,16;-0,07;-0,20;-0,28;-0,13;-0,05;0,02;0,03;-0,07;
1995-09;-0,15;-0,10;-0,18;-0,28;-0,08;-0,09;0,04;0,01;-0,10;
1995-10;-0,16;-0,18;-0,19;-0,33;-0,09;-0,05;0,12;0,06;-0,08;
1995-11;-0,21;-0,16;-0,22;-0,39;-0,07;-0,15;-0,02;0,07;-0,15;
1995-12;-0,24;-0,16;-0,28;-0,33;-0,07;-0,21;-0,02;0,04;-0,16;
1996-01;-0,22;-0,15;-0,24;-0,30;-0,07;-0,26;-0,03;0,06;-0,14;
1996-02;-0,14;-0,05;-0,17;-0,25;-0,11;-0,29;-0,08;-0,01;-0,14;
1996-03;-0,10;-0,07;-0,15;-0,19;-0,16;-0,19;0,02;0,00;-0,12;
1996-04;-0,08;-0,08;-0,09;-0,20;-0,14;-0,16;0,08;0,03;-0,16;
1996-05;-0,08;-0,06;-0,08;-0,23;-0,18;-0,15;0,01;0,00;-0,16;
1996-06;-0,07;-0,06;-0,09;-0,20;-0,10;-0,11;0,05;-0,06;-0,15;
1996-07;-0,06;-0,10;-0,05;-0,12;-0,12;-0,14;0,03;-0,04;-0,14;
1996-08;-0,15;-0,07;-0,08;-0,15;-0,29;-0,18;0,02;0,00;-0,11;
1996-09;-0,10;-0,04;-0,07;-0,20;-0,32;-0,08;0,08;0,05;-0,06;
1996-10;-0,13;-0,01;-0,02;-0,15;-0,26;-0,12;0,00;-0,06;-0,07;
1996-11;-0,06;0,06;0,00;-0,19;-0,36;-0,05;0,06;-0,12;-0,04;
1996-12;-0,07;0,05;0,00;-0,30;-0,42;-0,01;0,04;-0,17;-0,03;
1997-01;-0,07;0,04;0,03;-0,37;-0,46;0,04;0,11;-0,18;0,02;
1997-02;-0,16;0,01;0,01;-0,51;-0,43;0,09;0,11;-0,12;-0,04;
1997-03;-0,17;0,00;0,04;-0,47;-0,40;-0,03;0,02;-0,16;-0,03;
1997-04;-0,14;0,00;0,10;-0,46;-0,49;0,03;0,07;-0,14;0,04;
1997-05;-0,18;-0,06;0,06;-0,51;-0,49;-0,07;0,00;-0,09;0,02;
1997-06;-0,17;-0,03;0,04;-0,38;-0,55;-0,07;-0,01;-0,02;0,00;
1997-07;-0,15;-0,03;0,08;-0,40;-0,70;-0,09;0,02;-0,03;0,01;
1997-08;-0,23;-0,04;0,10;-0,49;-0,55;-0,15;-0,01;-0,10;-0,08;
1997-09;-0,29;-0,07;0,08;-0,47;-0,66;-0,09;-0,03;-0,17;-0,07;
1997-10;-0,23;-0,06;0,10;-0,50;-0,73;-0,02;0,01;-0,05;-0,02;
1997-11;-0,36;-0,12;0,05;-0,51;-0,58;-0,04;-0,07;-0,02;-0,06;
1997-12;-0,42;-0,19;0,06;-0,53;-0,57;-0,16;-0,09;0,05;-0,07;
1998-01;-0,41;-0,17;0,06;-0,55;-0,54;-0,23;-0,17;0,08;-0,10;
1998-02;-0,27;-0,19;0,08;-0,31;-0,42;-0,32;-0,10;0,14;0,04;
1998-03;-0,31;-0,15;0,09;-0,33;-0,42;-0,25;-0,05;0,20;0,03;
1998-04;-0,39;-0,14;0,09;-0,53;-0,38;-0,29;-0,09;0,06;-0,03;
1998-05;-0,40;-0,11;0,08;-0,53;-0,25;-0,20;0,03;0,04;-0,02;
1998-06;-0,44;-0,13;0,17;-0,63;-0,31;-0,25;0,06;0,08;-0,01;
1998-07;-0,43;-0,17;0,13;-0,59;-0,22;-0,30;-0,03;0,02;-0,03;
1998-08;-0,35;-0,22;0,12;-0,55;-0,23;-0,22;0,01;0,15;-0,01;
1998-09;-0,36;-0,33;0,10;-0,45;-0,12;-0,52;-0,07;0,13;-0,02;
1998-10;-0,30;-0,37;-0,04;-0,49;-0,07;-0,58;-0,23;-0,02;-0,08;
1998-11;-0,20;-0,31;0,04;-0,29;-0,20;-0,49;-0,12;0,04;-0,07;
1998-12;-0,16;-0,27;0,00;-0,25;-0,14;-0,56;-0,14;-0,01;-0,11;
1999-01;-0,22;-0,33;-0,01;-0,21;-0,09;-0,63;-0,13;-0,05;-0,11;
1999-02;-0,21;-0,25;-0,04;-0,29;-0,28;-0,46;-0,11;-0,12;-0,19;
1999-03;-0,19;-0,31;-0,09;-0,29;-0,26;-0,52;-0,19;-0,20;-0,18;
1999-04;-0,13;-0,32;-0,15;-0,01;-0,24;-0,48;-0,19;-0,19;-0,18;
1999-05;-0,09;-0,27;-0,13;-0,02;-0,35;-0,48;-0,20;-0,21;-0,17;
1999-06;-0,05;-0,26;-0,18;0,04;-0,31;-0,43;-0,25;-0,30;-0,15;
1999-07;-0,03;-0,19;-0,18;0,04;-0,22;-0,44;-0,16;-0,32;-0,17;
1999-08;-0,02;-0,10;-0,21;0,19;-0,27;-0,39;-0,11;-0,32;-0,12;
1999-09;-0,02;0,00;-0,12;0,18;-0,40;-0,09;-0,03;-0,26;-0,16;
1999-10;-0,06;0,09;0,02;0,34;-0,45;-0,01;0,11;-0,13;-0,11;
1999-11;-0,13;0,07;0,00;0,20;-0,45;-0,23;0,12;-0,24;-0,11;
1999-12;-0,09;0,11;0,09;0,26;-0,28;-0,03;0,26;-0,21;-0,06;
2000-01;-0,03;0,24;0,13;0,30;-0,32;0,10;0,42;-0,25;-0,08;
2000-02;-0,10;0,23;0,15;0,29;-0,13;-0,05;0,44;-0,29;-0,12;
2000-03;-0,06;0,40;0,29;0,35;-0,09;0,08;0,70;-0,24;-0,12;
2000-04;-0,14;0,33;0,18;0,20;-0,01;-0,06;0,51;-0,21;-0,16;
2000-05;-0,20;0,31;0,23;0,20;0,02;-0,14;0,53;-0,20;-0,17;
2000-06;-0,17;0,32;0,24;0,13;0,00;-0,07;0,50;-0,10;-0,16;
2000-07;-0,07;0,40;0,22;0,16;-0,01;0,08;0,45;-0,02;-0,11;
2000-08;-0,11;0,41;0,25;-0,04;0,04;0,03;0,35;-0,06;-0,14;
2000-09;-0,12;0,47;0,20;-0,06;0,27;-0,03;0,30;-0,12;-0,15;
2000-10;-0,14;0,36;0,19;-0,13;0,22;-0,05;0,18;-0,13;-0,16;
2000-11;-0,09;0,25;0,22;-0,13;0,33;0,08;0,10;-0,08;-0,12;
2000-12;0,01;0,25;0,20;-0,11;0,21;0,11;0,00;0,07;-0,07;
2001-01;0,00;0,18;0,11;-0,21;0,20;0,09;-0,14;0,18;-0,01;
2001-02;0,04;0,15;0,05;-0,22;0,21;0,16;-0,17;0,20;0,00;
2001-03;0,07;-0,05;-0,07;-0,23;0,12;0,17;-0,48;0,21;0,01;
2001-04;0,11;0,00;0,11;-0,15;0,08;0,27;-0,46;0,18;0,09;
2001-05;0,15;-0,07;0,03;-0,10;0,15;0,28;-0,45;0,15;0,06;
2001-06;0,16;-0,04;-0,01;-0,09;0,41;0,19;-0,50;0,06;0,03;
2001-07;0,08;-0,15;0,00;-0,19;0,43;0,12;-0,49;0,02;0,02;
2001-08;0,13;-0,18;-0,03;-0,14;0,36;0,12;-0,44;0,01;0,03;
2001-09;0,20;-0,23;-0,04;-0,14;0,30;0,15;-0,42;0,10;0,09;
2001-10;0,15;-0,19;-0,11;-0,13;0,48;0,03;-0,41;0,13;0,09;
2001-11;0,24;-0,12;-0,10;-0,14;0,44;0,03;-0,31;0,12;0,07;
2001-12;0,14;-0,10;-0,12;-0,23;0,34;-0,01;-0,22;-0,04;0,00;
2002-01;0,14;-0,10;-0,07;-0,21;0,46;-0,01;-0,19;-0,11;-0,03;
2002-02;0,14;-0,09;-0,04;-0,25;0,44;-0,02;-0,29;-0,08;0,00;
2002-03;0,10;-0,02;-0,06;-0,21;0,51;-0,04;-0,18;-0,09;-0,04;
2002-04;0,15;0,00;-0,08;-0,24;0,46;0,02;0,02;0,02;-0,03;
2002-05;0,19;0,09;-0,05;-0,13;0,38;0,11;-0,10;0,15;0,06;
2002-06;0,29;0,10;-0,03;0,02;0,26;0,19;0,00;0,23;0,11;
2002-07;0,28;0,17;-0,03;0,07;0,25;0,25;0,07;0,29;0,15;
2002-08;0,26;0,11;-0,10;0,13;0,24;0,21;-0,05;0,21;0,10;
2002-09;0,22;0,08;-0,10;0,07;0,17;0,10;-0,07;0,14;0,05;
2002-10;0,28;0,10;-0,11;0,06;0,16;0,14;-0,07;0,11;0,04;
2002-11;0,22;0,10;-0,12;0,00;0,12;0,14;-0,06;0,11;0,01;
2002-12;0,20;0,10;-0,09;0,05;0,26;0,20;-0,04;0,14;0,06;
2003-01;0,24;0,12;-0,16;0,16;0,17;0,18;-0,10;0,16;0,08;
2003-02;0,24;0,16;-0,18;0,23;0,12;0,15;-0,01;0,19;0,07;
2003-03;0,28;0,21;-0,19;0,19;0,09;0,08;-0,01;0,15;0,07;
2003-04;0,25;0,17;-0,28;0,10;0,16;-0,04;-0,09;0,05;0,01;
2003-05;0,22;0,12;-0,25;-0,11;0,11;-0,02;0,08;0,00;-0,02;
2003-06;0,10;0,10;-0,26;-0,21;0,07;-0,04;0,03;-0,05;-0,03;
2003-07;0,10;0,07;-0,28;-0,16;0,08;-0,12;-0,04;-0,14;-0,11;
2003-08;0,10;0,12;-0,13;-0,15;0,16;-0,02;0,13;-0,03;-0,05;
2003-09;0,07;0,16;-0,09;-0,01;0,20;0,03;0,17;0,00;-0,07;
2003-10;0,09;0,17;-0,09;0,02;0,18;0,07;0,26;0,00;-0,02;
2003-11;0,14;0,21;-0,08;0,09;0,19;0,14;0,23;0,00;0,00;
2003-12;0,13;0,21;-0,11;0,11;0,18;0,12;0,17;0,04;0,03;
2004-01;0,14;0,18;-0,09;0,06;0,17;0,13;0,24;0,04;0,00;
2004-02;0,08;0,12;-0,04;0,07;0,17;0,16;0,24;0,06;0,00;
2004-03;0,08;0,09;-0,01;0,04;0,21;0,31;0,26;0,06;0,06;
2004-04;0,13;0,13;0,04;0,24;0,11;0,34;0,34;0,12;0,08;
2004-05;0,04;0,05;0,01;0,27;0,20;0,23;0,20;0,09;0,05;
2004-06;0,06;0,03;0,01;0,23;0,11;0,24;0,22;0,06;0,05;
2004-07;0,05;0,08;0,06;0,22;0,11;0,30;0,28;0,12;0,07;
2004-08;0,07;0,09;-0,01;0,15;0,07;0,24;0,18;0,05;0,09;
2004-09;0,10;0,08;-0,03;0,07;0,09;0,27;0,20;0,07;0,11;
2004-10;0,10;0,11;0,05;-0,02;0,05;0,38;0,24;0,04;0,08;
2004-11;0,15;0,14;0,02;0,02;0,04;0,33;0,23;0,09;0,10;
2004-12;0,16;0,12;-0,01;0,02;-0,07;0,36;0,25;0,06;0,08;
2005-01;0,15;0,10;0,03;0,06;-0,07;0,32;0,22;0,06;0,06;
2005-02;0,20;0,09;0,04;0,04;-0,12;0,33;0,17;0,02;0,10;
2005-03;0,19;0,11;0,04;0,05;-0,21;0,30;0,16;0,07;0,08;
2005-04;0,15;0,15;0,07;-0,06;-0,16;0,32;0,14;0,06;0,09;
2005-05;0,21;0,19;0,03;-0,04;-0,13;0,30;0,13;0,06;0,08;
2005-06;0,17;0,16;0,08;-0,05;-0,11;0,24;0,12;0,03;0,04;
2005-07;0,20;0,16;0,09;-0,10;-0,22;0,29;0,08;0,02;0,06;
2005-08;0,18;0,19;0,10;-0,07;-0,22;0,32;0,14;0,06;0,03;
2005-09;0,22;0,25;0,11;0,01;-0,23;0,40;0,14;0,10;0,08;
2005-10;0,22;0,24;0,14;0,12;-0,21;0,27;0,10;0,11;0,05;
2005-11;0,11;0,13;0,10;0,14;-0,15;0,20;0,05;0,13;0,02;
2005-12;0,07;0,15;0,13;0,14;-0,09;0,10;-0,03;0,10;-0,03;
2006-01;0,08;0,20;0,16;0,17;-0,03;0,14;0,03;0,09;0,00;
2006-02;0,10;0,27;0,14;0,19;-0,02;0,23;0,09;0,15;0,02;
2006-03;0,03;0,22;0,15;0,17;0,04;0,16;0,06;0,10;-0,02;
2006-04;0,06;0,18;0,15;0,21;0,08;0,25;0,14;0,11;0,00;
2006-05;0,15;0,26;0,16;0,25;0,02;0,37;0,18;0,16;0,07;
2006-06;0,13;0,26;0,10;0,24;0,09;0,32;0,15;0,16;0,09;
2006-07;0,11;0,20;0,08;0,23;0,20;0,22;0,16;0,19;0,09;
2006-08;0,11;0,18;0,08;0,24;0,18;0,21;0,10;0,19;0,12;
2006-09;0,07;0,12;0,09;0,14;0,06;0,06;0,09;0,15;0,07;
2006-10;0,01;0,02;0,06;0,05;0,13;-0,01;0,11;0,14;0,07;
2006-11;0,10;0,07;0,08;0,00;0,06;0,13;0,19;0,10;0,09;
2006-12;0,13;0,09;0,05;0,01;0,07;0,21;0,22;0,12;0,13;
2007-01;0,12;0,03;0,04;-0,07;0,00;0,22;0,21;0,11;0,11;
2007-02;0,06;-0,04;0,03;-0,08;0,03;0,17;0,18;0,08;0,07;
2007-03;0,14;-0,01;0,01;-0,01;0,02;0,14;0,16;0,09;0,08;
2007-04;0,16;0,01;0,02;-0,11;-0,10;0,10;0,14;0,09;0,09;
2007-05;0,09;-0,03;0,03;-0,18;-0,12;0,04;0,17;0,05;0,03;
2007-06;0,14;0,04;0,07;-0,12;-0,10;0,08;0,18;0,04;0,03;
2007-07;0,17;0,07;0,05;-0,10;-0,28;0,18;0,18;0,02;0,03;
2007-08;0,13;0,07;0,03;-0,09;-0,25;0,14;0,21;0,00;0,00;
2007-09;0,15;0,06;0,02;-0,10;-0,20;0,16;0,17;-0,01;0,00;
2007-10;0,26;0,17;-0,01;-0,12;-0,27;0,36;0,16;-0,01;0,01;
2007-11;0,30;0,26;0,01;-0,06;-0,34;0,30;0,08;0,00;0,05;
2007-12;0,24;0,15;0,05;-0,05;-0,34;0,23;0,03;0,03;0,04;
2008-01;0,18;0,20;0,01;-0,10;-0,34;0,21;-0,05;0,00;0,01;
2008-02;0,19;0,22;-0,06;-0,10;-0,35;0,03;-0,09;0,00;-0,02;
2008-03;0,15;0,28;-0,05;-0,13;-0,33;0,19;0,00;0,04;0,01;
2008-04;0,04;0,18;-0,10;-0,13;-0,21;0,10;-0,05;0,04;-0,05;
2008-05;0,08;0,21;-0,10;-0,03;-0,19;0,18;-0,13;-0,03;-0,03;
2008-06;0,13;0,23;-0,11;0,03;-0,17;0,26;-0,06;0,03;-0,03;
2008-07;0,07;0,25;-0,16;0,00;0,00;0,18;-0,16;0,03;-0,05;
2008-08;0,05;0,18;-0,13;-0,04;0,03;0,09;-0,15;0,05;-0,05;
2008-09;-0,03;0,14;-0,13;-0,07;0,12;0,05;-0,18;0,02;-0,11;
2008-10;-0,14;0,05;-0,11;-0,02;0,16;-0,31;-0,29;0,03;-0,14;
2008-11;-0,31;-0,15;-0,13;-0,06;0,22;-0,47;-0,33;0,07;-0,23;
2008-12;-0,27;-0,08;-0,09;0,11;0,13;-0,59;-0,30;0,06;-0,19;
2009-01;-0,25;-0,14;-0,14;0,12;0,14;-0,57;-0,23;0,11;-0,22;
2009-02;-0,33;-0,10;-0,08;0,12;0,11;-0,37;-0,26;0,02;-0,20;
2009-03;-0,24;-0,17;-0,06;0,12;0,03;-0,42;-0,23;0,00;-0,19;
2009-04;-0,11;-0,07;-0,09;0,09;-0,01;-0,38;-0,20;-0,01;-0,19;
2009-05;-0,14;-0,05;-0,04;0,04;0,00;-0,43;-0,08;0,02;-0,17;
2009-06;-0,13;0,00;-0,04;0,00;-0,05;-0,39;-0,05;0,01;-0,08;
2009-07;-0,10;-0,09;0,01;0,05;-0,08;-0,44;0,06;0,05;-0,08;
2009-08;0,01;0,00;0,00;0,05;-0,12;-0,29;0,13;0,04;-0,06;
2009-09;0,13;-0,01;0,01;0,14;-0,13;-0,26;0,16;0,12;0,00;
2009-10;0,22;0,06;0,04;0,06;-0,18;0,07;0,24;0,12;0,03;
2009-11;0,28;0,14;-0,02;0,02;-0,13;0,25;0,36;0,07;0,09;
2009-12;0,29;0,19;-0,08;-0,19;-0,09;0,43;0,34;0,03;0,07;
2010-01;0,31;0,21;-0,01;-0,17;-0,11;0,38;0,25;-0,01;0,10;
2010-02;0,32;0,13;-0,02;-0,13;-0,07;0,28;0,34;0,05;0,09;
2010-03;0,26;0,15;-0,08;-0,16;-0,03;0,14;0,23;0,04;0,00;
2010-04;0,22;0,14;-0,01;-0,09;0,00;0,12;0,20;0,04;0,06;
2010-05;0,16;0,07;-0,12;-0,11;0,03;0,08;0,12;-0,03;-0,02;
2010-06;0,04;-0,03;-0,07;-0,10;0,13;-0,10;0,04;-0,03;-0,10;
2010-07;0,02;0,03;-0,05;-0,11;0,09;-0,08;0,07;0,00;-0,09;
2010-08;0,03;-0,02;-0,03;-0,13;0,18;0,03;0,08;-0,03;-0,04;
2010-09;-0,01;0,05;-0,05;-0,15;0,16;0,05;0,07;0,00;-0,03;
2010-10;-0,04;0,02;-0,11;-0,10;0,14;0,02;0,15;-0,04;-0,02;
2010-11;-0,02;0,06;-0,07;-0,09;0,03;-0,02;0,08;-0,06;-0,05;
2010-12;-0,08;0,02;-0,09;-0,04;0,00;-0,13;0,08;-0,08;-0,10;
2011-01;-0,05;0,04;-0,12;-0,02;0,03;-0,06;0,16;-0,03;-0,10;
2011-02;-0,01;0,06;-0,09;-0,07;0,06;-0,01;0,13;-0,05;-0,05;
2011-03;-0,02;0,08;-0,06;-0,01;0,06;0,08;0,13;-0,02;0,02;
2011-04;-0,03;0,05;-0,10;-0,16;0,03;0,09;0,11;-0,07;-0,03;
2011-05;0,05;0,06;-0,05;-0,11;0,01;0,13;0,17;0,10;0,05;
2011-06;0,08;0,00;-0,10;-0,14;-0,09;0,16;0,19;0,13;0,04;
2011-07;0,05;-0,02;-0,12;-0,17;-0,08;0,15;0,08;-0,01;0,01;
2011-08;0,02;0,00;-0,19;-0,02;-0,13;0,00;-0,06;0,05;-0,05;
2011-09;0,00;0,00;-0,24;-0,07;-0,16;0,02;-0,06;-0,01;-0,06;
2011-10;-0,14;-0,09;-0,18;0,00;-0,12;-0,12;-0,18;-0,04;-0,08;
2011-11;-0,10;-0,09;-0,24;-0,08;-0,01;-0,10;-0,17;-0,08;-0,08;
2011-12;-0,06;-0,12;-0,20;-0,13;0,10;-0,03;-0,16;-0,06;-0,05;
2012-01;-0,14;-0,15;-0,17;-0,16;0,08;-0,12;-0,20;-0,09;-0,04;
2012-02;-0,08;-0,12;-0,19;-0,15;0,09;-0,11;-0,16;-0,07;-0,06;
2012-03;-0,13;-0,18;-0,20;-0,20;0,08;-0,08;-0,12;-0,11;-0,08;
2012-04;-0,19;-0,23;-0,21;-0,05;0,07;-0,13;-0,17;-0,07;-0,09;
2012-05;-0,19;-0,20;-0,26;-0,13;0,07;-0,18;-0,26;-0,16;-0,11;
2012-06;-0,23;-0,22;-0,26;-0,12;-0,04;-0,26;-0,34;-0,24;-0,16;
2012-07;-0,17;-0,22;-0,22;-0,11;-0,05;-0,18;-0,22;-0,16;-0,10;
2012-08;-0,15;-0,22;-0,15;-0,25;-0,13;-0,15;-0,12;-0,19;-0,11;
2012-09;-0,19;-0,23;-0,09;-0,24;-0,05;-0,12;-0,13;-0,19;-0,11;
2012-10;-0,08;-0,12;-0,11;-0,31;-0,02;-0,01;-0,04;-0,12;-0,09;
2012-11;-0,10;-0,11;-0,03;-0,20;-0,06;-0,04;-0,04;-0,03;-0,07;
2012-12;-0,03;-0,09;0,00;-0,13;-0,16;-0,01;0,02;0,04;-0,03;
2013-01;0,02;-0,06;-0,01;-0,07;-0,20;-0,01;0,03;0,03;-0,02;
2013-02;-0,01;-0,11;-0,03;-0,10;-0,16;0,01;0,04;0,07;-0,05;
2013-03;0,04;-0,13;-0,04;-0,07;-0,12;-0,13;0,01;0,07;-0,08;
2013-04;0,06;-0,11;-0,03;-0,06;-0,07;-0,11;0,02;0,07;-0,06;
2013-05;0,05;-0,15;0,04;0,08;-0,07;-0,06;0,04;0,11;-0,06;
2013-06;-0,04;-0,13;0,03;-0,05;-0,01;-0,01;0,09;0,06;-0,04;
2013-07;-0,13;-0,15;-0,02;0,02;0,00;-0,11;0,01;0,07;-0,09;
2013-08;-0,21;-0,16;-0,02;0,02;0,03;-0,13;-0,02;0,03;-0,09;
2013-09;-0,10;-0,15;-0,01;0,04;-0,05;-0,14;0,04;0,07;-0,05;
2013-10;-0,09;-0,17;0,01;0,10;-0,17;-0,17;0,03;0,07;-0,06;
2013-11;-0,11;-0,19;-0,01;0,05;-0,19;-0,14;-0,02;0,02;-0,09;
2013-12;-0,22;-0,21;-0,05;0,01;-0,14;-0,20;-0,06;-0,04;-0,12;
2014-01;-0,26;-0,23;-0,08;-0,04;-0,08;-0,21;-0,07;-0,05;-0,11;
2014-02;-0,25;-0,18;-0,03;0,00;-0,15;-0,24;-0,10;-0,05;-0,09;
2014-03;-0,28;-0,17;-0,03;-0,09;-0,19;-0,15;-0,10;-0,04;-0,05;
2014-04;-0,22;-0,14;0,01;-0,12;-0,24;-0,13;-0,05;-0,04;-0,07;
2014-05;-0,23;-0,08;0,00;-0,21;-0,29;-0,10;-0,06;-0,04;-0,04;
2014-06;-0,09;-0,06;0,01;-0,09;-0,27;-0,03;-0,04;0,01;-0,02;
2014-07;-0,05;0,00;0,01;-0,13;-0,31;0,00;-0,04;-0,03;-0,01;
2014-08;0,02;0,02;-0,03;-0,07;-0,30;-0,02;-0,09;-0,01;-0,02;
2014-09;-0,08;-0,02;-0,07;-0,13;-0,25;-0,08;-0,16;-0,08;-0,09;
2014-10;-0,18;-0,06;-0,06;-0,15;-0,24;-0,10;-0,19;-0,10;-0,12;
2014-11;-0,19;-0,12;-0,12;-0,16;-0,15;-0,26;-0,17;-0,13;-0,17;
2014-12;-0,22;-0,10;-0,08;-0,15;-0,15;-0,33;-0,15;-0,09;-0,16;
2015-01;-0,18;-0,11;-0,08;-0,16;-0,10;-0,40;-0,21;-0,13;-0,20;
2015-02;-0,19;-0,17;-0,01;-0,13;-0,13;-0,33;-0,18;-0,14;-0,19;
2015-03;-0,17;-0,17;0,03;-0,07;-0,08;-0,37;-0,15;-0,13;-0,19;
2015-04;-0,20;-0,17;0,07;0,01;-0,01;-0,37;-0,18;-0,11;-0,19;
2015-05;-0,22;-0,16;0,03;0,02;0,04;-0,35;-0,18;-0,11;-0,20;
2015-06;-0,26;-0,20;0,03;0,03;0,11;-0,42;-0,17;-0,09;-0,18;
2015-07;-0,24;-0,24;0,05;0,00;0,20;-0,40;-0,13;-0,09;-0,18;
2015-08;-0,32;-0,31;0,11;-0,02;0,25;-0,43;-0,14;-0,04;-0,17;
2015-09;-0,34;-0,29;0,09;0,04;0,27;-0,44;-0,08;-0,02;-0,17;
2015-10;-0,25;-0,26;0,02;0,00;0,28;-0,42;-0,11;-0,04;-0,14;
2015-11;-0,32;-0,25;0,10;0,03;0,21;-0,33;-0,10;-0,04;-0,11;
2015-12;-0,18;-0,25;0,08;0,04;0,15;-0,22;-0,12;-0,10;-0,12;
2016-01;-0,14;-0,29;0,08;0,08;0,03;-0,18;-0,07;-0,01;-0,11;
2016-02;-0,18;-0,22;-0,02;0,04;0,11;-0,25;-0,14;-0,05;-0,12;
2016-03;-0,22;-0,16;-0,07;-0,05;0,01;-0,21;-0,14;-0,08;-0,15;
2016-04;-0,18;-0,15;-0,18;-0,12;-0,06;-0,23;-0,13;-0,14;-0,15;
2016-05;-0,13;-0,12;-0,12;-0,08;-0,11;-0,22;-0,11;-0,11;-0,14;
2016-06;-0,13;-0,11;-0,12;-0,09;-0,11;-0,20;-0,14;-0,13;-0,17;
2016-07;-0,10;-0,08;-0,16;-0,11;-0,11;-0,18;-0,16;-0,11;-0,18;
2016-08;-0,03;-0,04;-0,19;-0,08;-0,13;-0,21;-0,17;-0,16;-0,20;
2016-09;-0,01;-0,04;-0,14;-0,07;-0,21;-0,16;-0,16;-0,18;-0,16;
2016-10;0,03;-0,01;-0,10;-0,04;-0,23;-0,08;-0,10;-0,13;-0,14;
2016-11;0,09;0,05;-0,09;0,04;-0,28;-0,01;-0,10;-0,12;-0,16;
2016-12;0,02;0,06;-0,15;-0,05;-0,23;-0,03;-0,13;-0,15;-0,16;
;;;;;;;;;;
;;;;;;;;;;
;;;;;;;;;;
;;;;;;;;;;
;;;;;;;;;;
;;;;;;;;;;
;;;;;;;;;;
;;;;;;;;;;
;;;;;;;;;;
;;;;;;;;;;
;;;;;;;;;;
;;;;;;;;;;
